<?xml version="1.0" encoding="UTF-8" ?>
<!-- This is a WordPress eXtended RSS file generated by WordPress as an export of your site. -->
<!-- It contains information about your site's posts, pages, comments, categories, and other content. -->
<!-- You may use this file to transfer that content from one site to another. -->
<!-- This file is not intended to serve as a complete backup of your site. -->

<!-- To import this information into a WordPress site follow these steps: -->
<!-- 1. Log in to that site as an administrator. -->
<!-- 2. Go to Tools: Import in the WordPress admin panel. -->
<!-- 3. Install the "WordPress" importer from the list. -->
<!-- 4. Activate & Run Importer. -->
<!-- 5. Upload this file using the form provided on that page. -->
<!-- 6. You will first be asked to map the authors in this export file to users -->
<!--    on the site. For each author, you may choose to map to an -->
<!--    existing user on the site or to create a new user. -->
<!-- 7. WordPress will then import each of the posts, pages, comments, categories, etc. -->
<!--    contained in this file into your site. -->

	<!-- generator="WordPress/6.6.1" created="2025-06-18 10:00" -->
<rss version="2.0"
	xmlns:excerpt="http://wordpress.org/export/1.2/excerpt/"
	xmlns:content="http://purl.org/rss/1.0/modules/content/"
	xmlns:wfw="http://wellformedweb.org/CommentAPI/"
	xmlns:dc="http://purl.org/dc/elements/1.1/"
	xmlns:wp="http://wordpress.org/export/1.2/"
>

<channel>
	<title>Colender</title>
	<link>https://10.128.98.22:9085</link>
	<description>Just another WordPress site</description>
	<pubDate>Wed, 18 Jun 2025 10:00:08 +0000</pubDate>
	<language>en-US</language>
	<wp:wxr_version>1.2</wp:wxr_version>
	<wp:base_site_url>https://10.128.98.22:9085</wp:base_site_url>
	<wp:base_blog_url>https://10.128.98.22:9085</wp:base_blog_url>

		<wp:author><wp:author_id>1</wp:author_id><wp:author_login><![CDATA[nishant]]></wp:author_login><wp:author_email><![CDATA[nishant@loantap.in]]></wp:author_email><wp:author_display_name><![CDATA[nishant]]></wp:author_display_name><wp:author_first_name><![CDATA[]]></wp:author_first_name><wp:author_last_name><![CDATA[]]></wp:author_last_name></wp:author>

				
	<generator>https://wordpress.org/?v=6.6.1</generator>

		<item>
		<title><![CDATA[Files]]></title>
		<link>https://10.128.98.22:9085/?post_type=manage_documents&#038;p=884994</link>
		<pubDate>Mon, 30 Aug 2021 12:44:56 +0000</pubDate>
		<dc:creator><![CDATA[nishant]]></dc:creator>
		<guid isPermaLink="false">https://bom.thearks.in/?post_type=manage_documents&#038;p=884994</guid>
		<description></description>
		<content:encoded><![CDATA[ 
[templates.add save.single]

  //**set error ack**// 
  [template.set_array ack status="error" message="file path is empty"/]
  
  
  
  //**return error ack**//
  [template.return template.ack c.empty="template.path"/]
  
  

  //**set error ack**// 
  [template.set_array ack status="error" message="file content is empty"/]
  
  //**return error ack**//
  [template.return template.ack c.empty="template.content"/]
 
  
  //**get file name**//
  [php.basename p1={template.path} o.set=template.file_name/]
  
  [template.set_array ack status="error" message="file name is empty"/]
  
  //**return error ack**//
  [template.return template.ack c.empty="template.file_name"/]
  
  
  //**check given string is encoded or decoded***//
  [php.is_base64 p1={template.content} o.set=template.encode_ack /]  
  
  
  //**encode plain code**//
  [php.base64_encode p1="{template.content}" c.cond="template.decoded" c.eq="s:yes" o.set=template.content/]
    
   //**return ack**//
  [template.return template.ack c.cond="caws.config.read_local" c.eq="s:no" and.cond="template.ack.status" and.eq="s:success" /]
  
  [template.set ack.status='error' /]
  
  [template.set path="{clapp.config.uploads.path}{template.path}" /]   
 

  [php.pathinfo p1="{template.path}" o.set=template.pathinfo /]
      
  //**get file info**//
  [templates.dir.dir_exist p1="{template.pathinfo.dirname}"  c.cond="template.ack.status" c.eq="s:error" o.set=template.dir_exists /]
  //**create directory if not exists**//
  [php.make_nested_directory p1="{template.pathinfo.dirname}/" c.cond="template.dir_exists.status" c.eq="s:error" o.set=template.dir_status/]
 
  //**create file**//
  [file.file_put path={template.path} file_content="{template.content}" safe="yes" c.cond="template.ack.status" c.eq="s:error" o.set=template.file_ack/]
  
  
 
 //** for document encrypation code add start here====================== **//
  
 //** [template.get path o.set="template.dest"/]
  [template.set dest = "/tmp/aj/APP1781898190276998/combined_salary_slip1.jpg"/]
  [template.set dest1 = "/tmp/aj/APP1781898190276998/combined_salary_slip2.jpg"/]
  **//
  [if.equal lhs="{template.is_encrypt}" rhs="yes"]
  

    //**Rename file for encryption destination path**//
    [php.strrpos p1="{template.path}" p2="." o.set=template.last_dot_position /] 
    [php.substr_replace p1="{template.path}" p2="_encrypt" p3="{template.last_dot_position}" p4="0" o.set=template.dest/]
    //** Encrypt File**//
    [php.encrypt_file p1="{template.path}" p2="my-secret-key" p3="{template.dest}" o.set=template.resp/]
    //**Remove orignal File**//
    [php.sleep p1="5" /]
    [content.run c.not_empty='template.resp']
      [php.unlink p1="{template.path}" o.set=template.unlink_file.status cond={template.resp} not_equal='false'/]
    [/content.run]
    [php.sleep p1="5" /]
    //** Rename encrypt file name to orignal **//
    [php.rename p1="{template.dest}" p2="{template.path}" o.set=template.rename_file cond={template.unlink_file.status} equal='true'/]
  [/if.equal] 
 //**  ==================document encrypt code end here  =================================**//

   
  //**set ack for file upload**//
  [template.set_array ack status="{template.file_ack}" c.cond="template.ack.status" c.eq="s:error" message="{template.file_ack} while uploading file."/]
    
  //**return ack**//
  [template.return template.ack /]
  
[/templates.add]



 //**This is will fetch file content**//
[templates.add fetch.single]

  //**set error ack**// 
  [template.set_array ack status="error" message="file path is empty" c.empty="template.path"/]  

  //**return error ack**// 
  [template.return template.ack c.empty="template.path"/] 
      
  //**get file content **// 
  [file.file_get file_url={template.path} safe="yes"  o.set=template.ack.data/]
  
  
  //**set success ack**// 
  [template.set_array ack status="success" message="file found" c.not_empty='template.ack.data'/]  
      
  [template.set handle_base64="yes" c.empty="template.handle_base64" /]    
    
  [if.equal lhs="{template.handle_base64}" rhs="yes"]
    
    //**check given string is encoded or decoded***//
    [php.is_base64 p1={template.ack.data} o.set=template.encode_ack /]

    //**decode the encoded data**//
    [php.base64_decode p1={template.ack.data} c.cond="template.ack.status" c.eq="s:success" and.cond="template.encode_ack.encoded" and.eq="s:yes" o.set=template.ack.data/]    
    
  //**set success ack**// 
  [template.set_array ack status="success" message="file found"/]  
      
  [/if.equal]    
  
  
  //**return ack**//
  [template.return template.ack /]

[/templates.add]
 
//**list all the file**//
[debug.ignore]
[templates.add fetch.all]
  
  [caws.config.authentication.buckets o.set=template.buckets /]
  [caws.config.authentication.buckets.loantap-uploads o.set=template.bucket_name c.empty="template.bucket"/]
  [template.get buckets.{template.bucket} o.set=template.bucket_name  c.not_empty="template.bucket"/]

  //**set error ack**// 
  [template.set_array ack status="error" message="file path is empty"/]

  //**return error ack**//
  [template.return template.ack c.empty="template.path"/]
   
  
  //**file get all file**//
  [aws_s3.get_files config="{caws.config.authentication}" path={template.path} search="{template.search}" bucket_name="{template.bucket_name}" c.not_empty="caws.config.authentication" o.set=template.ack/]
  //**return ack**//
  [template.return template.ack c.cond="caws.config.read_local" c.eq="s:no" and.cond="template.ack.status" and.eq="s:success" /]
  
  //**set file path**//
  [template.set path="{clapp.config.uploads.path}{template.path}" /]
  
  //**check dir exists**//
  [templates.dir.dir_exist path="{template.path}" c.cond="template.ack.status" c.eq="s:error" o.set=template.ack/]
  
  //**return if not exists**//
  [template.return template.ack c.cond="template.ack.status" c.eq="s:error"/]
   
  //*******getting the list of all the documents in the folder when files does not found on s3******// 
  [php.doclist p1={template.path}  o.set=template.docs/]
  
  [php.glob p1="{template.path}/*{template.search}*" c.not_empty="template.search" o.set=template.docs/]
  
  //**mearge files **//
  [template.ack.files o.merge_with=template.docs/]
    
  //**Get unique files**//
  [template.set files_arr=''/]
  [loop.@file template.docs]

      //***get file name****//
      [env.get @file.item.basename c.not_empty='@file.item.basename' o.set=template.file_name/]
      [env.get @file.item c.empty='@file.item.basename' o.set=template.file_name/]

      //**get file name**//
      [php.basename p1={template.file_name} c.empty='@file.item.basename' o.set=template.file_name/]

      //****check if file is present in array***//
      [php.in_array p1={template.file_name} p2={template.files_arr} c.not_empty="template.files_arr" o.set=template.in_array/]
      
      //****keep in array****//
      [template.get file_name o.set=template.files_arr.new/]

      //****create new docs***//
      [template.set_array docsv2.new basename={template.file_name} c.false='template.in_array'/]

  [/loop.@file]
  [template.get docsv2 c.not_empty='template.docsv2' o.set=template.docs/]

  //**set ack for files**//
  [template.set_array ack status="success" message="Files" files="{template.docs}"/]
  
  //**return ack**//
  [template.return template.ack/]
  
[/templates.add]
[/debug.ignore]

//**list all the file**//

[templates.add fetch.all]  

  //**set error ack**// 
  [template.set_array ack status="error" message="file path is empty"/]

  //**return error ack**//
  [template.return template.ack c.empty="template.path"/]
  
  //**set file path**//
  [template.set path="{clapp.config.uploads.path}{template.path}" /]
  
  //**check dir exists**//
  [templates.dir.dir_exist path="{template.path}" c.cond="template.ack.status" c.eq="s:error" o.set=template.ack/]
  
  //**return if not exists**//
  [template.return template.ack c.cond="template.ack.status" c.eq="s:error"/]
   
  //**getting the list of all the documents in the folder**// 
  [php.scandir p1={template.path}  o.set=template.docs/]
  //**[template.echo /]**//
  //**[php.glob p1="{template.path}/*{template.search}*" c.not_empty="template.search" o.set=template.docs/]**//
  
  //**mearge files 
  [template.ack.files o.merge_with=template.docs/]**//
  
  //**Get unique files**//
  [template.set files_arr=''/]
  
  [loop.@file template.docs]
  
  		[if.not_contains needle={@file.item} haystack=".,.."]

        //***get file name****//
        [env.get @file.item.basename c.not_empty='@file.item.basename' o.set=template.file_name/]
        [env.get @file.item c.empty='@file.item.basename' o.set=template.file_name/]

        //**get file name**//
        [php.basename p1={template.file_name} c.empty='@file.item.basename' o.set=template.file_name/]

        //****check if file is present in array***//
        [php.in_array p1={template.file_name} p2={template.files_arr} c.not_empty="template.files_arr" o.set=template.in_array/]

        //****keep in array****//
        [template.get file_name o.set=template.files_arr.new/]

        //****create new docs***//
        [template.set_array docsv2.new basename={template.file_name} c.false='template.in_array'/]

      [/if.not_contains]

  [/loop.@file]
  
  [template.get files_arr c.not_empty='template.files_arr' o.set=template.docs/]
  
  //**set ack for files**//
  [template.set_array ack status="success" message="Files" files="{template.docs}"/]
    
  //**return ack**//
  [template.return template.ack/]
  
[/templates.add]

//**Delete single file**//
[templates.add remove.single]

  [caws.config.authentication.buckets o.set=template.buckets /]
  [caws.config.authentication.buckets.loantap-uploads o.set=template.bucket_name c.empty="template.bucket"/]
  [template.get buckets.{template.bucket} o.set=template.bucket_name  c.not_empty="template.bucket"/]

  //**set error ack**// 
  [template.set_array ack status="error" message="file path is empty"/]

  //**return error ack**//
  [template.return template.ack c.empty="template.path"/]	
  
  
  //**Delete files**//
  [aws_s3.delete_file config="{caws.config.authentication}" path={template.path} bucket_name="{template.bucket_name}" c.not_empty="caws.config.authentication" o.set=template.ack/]
  
  //**return ack**//
  [template.return template.ack c.cond="caws.config.read_local" c.eq="s:no" and.cond="template.ack.status" and.eq="s:success" /]
  
  //**set file path**//
  [template.set path="{clapp.config.uploads.path}{template.path}" /]  
  
  //**return if not exists**//
  [template.return template.ack c.cond="template.ack.status" c.eq="s:error"/]
      
  //**check file exists**//
  [templates.file.file_exist path={template.path} c.cond="template.ack.status" c.eq="s:error" o.set=template.file_ack/]
  
  //***remove file**//
  [php.unlink p1="{template.path}" c.cond="template.file_ack.status" c.eq="s:success" o.set=template.unlink_res_remove/] 
  
  //**set success message**//
  [template.set_array ack status="success" message="file deleted successfully." c.true="template.unlink_res_remove" /]
  
  //**return ack**//
  [template.return template.ack/]
  
[/templates.add]

//**Delete all the files**//
[templates.add remove.all]
	
  [caws.config.authentication.buckets o.set=template.buckets /]
  [caws.config.authentication.buckets.loantap-uploads o.set=template.bucket_name c.empty="template.bucket"/]
  [template.get buckets.{template.bucket} o.set=template.bucket_name  c.not_empty="template.bucket"/]
  
  //**set error ack**// 
  [template.set_array ack status="error" message="file path is empty"/]

  //**return error ack**//
  [template.return template.ack c.empty="template.path"/]	
  
  [debug.ignore]
  	[template.set ack.status='error' /]
  [/debug.ignore]
  
  //**Delete all files**//
  [aws_s3.delete_all_files config="{caws.config.authentication}" path={template.path} bucket_name="{template.bucket_name}" c.not_empty="caws.config.authentication" o.set=template.ack/]
  
  //**return ack**//
  [template.return template.ack c.cond="caws.config.read_local" c.eq="s:no" and.cond="template.ack.status" and.eq="s:success" /]
  
  //**set file path**//
  [template.set path="{clapp.config.uploads.path}{template.path}" /]
  
  [templates.delete_all_files path={template.path} o.set=template.ack /]
  
  //**return ack**//
  [template.return template.ack/]
  
[/templates.add]

//**Need discussion on download file created by save.single**//

[templates.add download.single]
  [caws.config.authentication.buckets o.set=template.buckets /]
  [caws.config.authentication.buckets.loantap-uploads o.set=template.bucket_name c.empty="template.bucket"/]
  [template.get buckets.{template.bucket} o.set=template.bucket_name  c.not_empty="template.bucket"/]
	
  //**set error ack**// 
  [template.set_array ack status="error" message="file path is empty"/]

  //**return error ack**//
  [template.return template.ack c.empty="template.path"/]	
  
  [debug.ignore]
  	[template.set ack.status='error' /]
  [/debug.ignore]
  
  //**Download single file**//
  [aws_s3.download_file config="{caws.config.authentication}" path={template.path} bucket_name="{template.bucket_name}" c.not_empty="caws.config.authentication" o.set=template.ack/] 
    
  //**file downloaded **//
  [template.return c.empty="template.ack"/]
  
  //**set file path**//
  [template.set path="{clapp.config.uploads.path}{template.path}" /]
  
  //**check file exists**//
  [templates.file.file_exist path={template.path} c.cond="template.ack.status" c.eq="s:error" o.set=template.ack/]
  
  //**return if not exists**//
  [template.return template.ack c.cond="template.ack.status" c.eq="s:error"/]  
  
  //**get file name from path**//
  [php.basename p1="{template.path}" o.set=template.file_name/]  
  
  //**Download file**//
  [php.output_file p1="{template.path}" p2="{template.file_name}" /]
  
[/templates.add]


[templates.add download.all.local]
 
  //**set error ack 
  [template.set_array ack status="error" message="file path is empty"/]**//
  

  //**return error ack**//
  [template.return template.ack c.empty="template.path"/]
 
  
   [template.set lapp_id="{template.path}" /]  
   
  
  //***return if lapp id is not present****//
  [template.return template.lapp_id c.empty='template.lapp_id'/]
   

  //***get the root directory***//
  [php.dirname p1="{server_variables.DOCUMENT_ROOT}" p2="1" o.set=template.temp_path/]
  

  //**Set upload path**//

 //** [template.set create_file_path="{clapp.config.tmp_path}{template.lapp_id}/"/]**//
  [template.set create_file_path="/tmp/{template.lapp_id}/"/]
 //** [template.set create_file_path="/appdata/upload/APP178435220753224100/"/] **//
   

  //***check if the directory is available or not***//
  [php.is_dir p1="{template.create_file_path}" o.set=template.dir_ack /]
  

  //****if temp directory is not present, create new ****//
  [if.false template.dir_ack]

       //*****create directory if not exists in tmp ********//
      [php.mkdir p1="{template.create_file_path}" o.set=template.mkdir_ack /]

  [/if.false]

//**create file name***//
[template.set file_name="{template.lapp_id}.zip" /]



//***set applicatioin folder path
[template.set read_files="{template.temp_path}/uploads/{template.lapp_id}/" /]***//


[php.constant p1="UPLOADS_PATH" o.set="template.upload_path"/]
[template.set read_files="{template.upload_path}{template.lapp_id}/" /]

//**  for File decryption added code by akshay here================================== **//
 //** [php.mkdir p1="{template.create_file_path}decrypt" o.set=template.mkdir_ack /] **//
[php.scandir p1="{template.read_files}" o.set=template.get_all_files/]

//** removed code after all files are encrypted start**//
[loop.@file template.get_all_files]
  [if.not_contains needle='{@file.item}' haystack=".,.." ]
     [php.is_encrypt p1="{template.read_files}{@file.item}" p2="my-secret-key" o.set=template.is_encrypt_ack /]
     [template.set is_encrypted="no" c.cond="template.is_encrypt_ack" c.eq="b:false"/]
  [/if.not_contains]
[/loop.@file]
//** removed code after all files are encrypted end**//
  
[if.not_equal lhs={template.is_encrypted} rhs='no']
  [loop.@file template.get_all_files]
       [php.decrypt_file p1="{template.read_files}{@file.item}" p2="my-secret-key" p3="{template.create_file_path}{@file.item}" o.set=template.dfileack/]
  [/loop.@file]  
[/if.not_equal]



//** File decryption end  akshay===================**//
 
  //** creatre zip 
 [if.equal lhs={template.is_encrypted} rhs='no']
  [php.create_zip p1="{template.create_file_path}" p2="{template.file_name}" p3="{template.read_files}" o.set=template.ack.data/]
 [/if.equal]
 
 [if.not_equal lhs={template.is_encrypted} rhs='no']
    [php.create_zip p1="{template.create_file_path}" p2="{template.file_name}" p3="{template.create_file_path}" o.set=template.ack.data/] 
 [/if.not_equal] **//
  
  //** Remove temp file
 [loop.@file template.get_all_files]
 	[php.unlink p1="{template.create_file_path}{@file.item}" o.set=template.unlink_ack/]
 [/loop.@file]  **//
  
  //**return ack**//
  [template.return template.ack /]
	
[/templates.add]

[templates.add download.all.cloud]

  [caws.config.authentication.buckets o.set=template.buckets /]
  [caws.config.authentication.buckets.loantap-uploads o.set=template.bucket_name c.empty="template.bucket"/]
  [template.get buckets.{template.bucket} o.set=template.bucket_name  c.not_empty="template.bucket"/]

  //**set error ack**// 
  [template.set_array ack status="error" message="file path is empty"/]

  //**return error ack**//
  [template.return template.ack c.empty="template.path"/]	
  
  //**Download single file
  	Need to discussion on download path, need confirmation
  **//  
  [aws_s3.download_all config="{caws.config.authentication}" path={template.path} bucket_name="{template.bucket_name}" c.not_empty="caws.config.authentication" download_path="/var/tmp/cibil/{token}.zip" o.set=template.ack/] 
  
  //**return ack**//
  [template.return template.ack c.cond="caws.config.read_local" c.eq="s:no" and.cond="template.ack.status" and.eq="s:success" /]
  
  //**check dir exists**//
  [templates.dir.dir_exist path="{clapp.config.uploads.path}{template.path}" c.cond="template.ack.status" c.eq="s:error" o.set=template.ack/]
  
  //**return if not exists**//
  [template.return template.ack c.cond="template.ack.status" c.eq="s:error"/]
  
  //****download zip***//
  [clapp.directory.download.zip lapp_id={template.path}/]
  
[/templates.add]

//**Download files from public url**//
[templates.add download.public_file]

  [caws.config.authentication.buckets o.set=template.buckets /]
  [caws.config.authentication.buckets.loantap-uploads o.set=template.bucket_name c.empty="template.bucket"/]
  [template.get buckets.{template.bucket} o.set=template.bucket_name  c.not_empty="template.bucket"/]

  //**set error ack**// 
  [template.set_array ack status="error" message="path is empty"/]

  //**return error ack**//
  [template.return template.ack c.empty="template.path"/]	
  
  [php.basename p1="{template.path}" o.set=template.file_name/]
  
  [template.set tmp_path="/var/tmp/cibil/"/]
  
  [template.set destination="{template.tmp_path}{template.file_name}" /]  
   
  [aws_s3.download_public_file config="{caws.config.authentication}" source="{template.path}" destination="{template.destination}" bucket_name="{template.bucket_name}" c.not_empty="caws.config.authentication" o.set=template.ack/]
  
  
  [if.equal lhs="{template.ack.status}" rhs="success"]
     
    //****if file is not empty*****//
  	[php.output_file p1="{template.destination}" p2="{template.file_name}" c.not_empty='template.file_name' o.set=template.rs /]
    [template.return /]
  [/if.equal]
  [if.else]
  
    //**download from local if error**//
    [template.set path="{clapp.config.uploads.path}{template.path}" /]

    [php.pathinfo p1="{template.path}" o.set=template.pathinfo /]  

    //****if file is not empty*****//
    [php.output_file p1="{template.pathinfo.dirname}" p2="{template.pathinfo.filename}" c.not_empty='template.pathinfo.filename' o.set=template.rs /]
    
  [/if.else]
[/templates.add]

//**Need to discuss this how this will work**//
[templates.add read.single]
  [caws.config.authentication.buckets o.set=template.buckets /]
  [caws.config.authentication.buckets.loantap-uploads o.set=template.bucket_name c.empty="template.bucket"/]
  [template.get buckets.{template.bucket} o.set=template.bucket_name  c.not_empty="template.bucket"/]
  
  //**set error ack**// 
  [template.set_array ack status="error" message="file path is empty"/]

  //**return error ack**//
  [template.return template.ack c.empty="template.path"/]	
    
  [debug.ignore]  
  	[template.set ack.status='error' /]
  [/debug.ignore]
  
  
  //**read file from aws**//
  [aws_s3.read_file config={caws.config.authentication} c.not_empty="caws.config.authentication" path={template.path} bucket_name="{template.bucket_name}" o.set=template.ack/] 
  
  //**return ack**//
  [template.return template.ack c.cond="caws.config.read_local" c.eq="s:no" and.cond="template.ack.status" and.eq="s:success" /]
  
  //**set file path**//
  [template.set path="{clapp.config.uploads.path}{template.path}" /]
  
  //**check file exists**//
  [templates.file.file_exist path={template.path} c.cond="template.ack.status" c.eq="s:error" o.set=template.ack/]
  
  //**[template.echo c.cond="env.app.user.email" c.eq="s:vaibhav@loantap.in"/]**//
 
  //**return if not exists**//
  [template.return template.ack c.cond="template.ack.status" c.eq="s:error"/]
  
  //**get file name from path**//
  [php.basename p1="{template.path}" o.set=template.file_name/]  
  
  [template.set filepath="{template.path}"/]    

  [file.open_file file={template.filepath} name='{template.file_name}' safe='yes'/]
  
  [template.return template.ack/]
  
[/templates.add]

[templates.add file.local_to_s3]
  [caws.config.authentication.buckets o.set=template.buckets /]
  [caws.config.authentication.buckets.loantap-uploads o.set=template.bucket_name c.empty="template.bucket"/]
  [template.get buckets.{template.bucket} o.set=template.bucket_name  c.not_empty="template.bucket"/]

   //**set default ack**//
  [template.set_array ack status="error" message="Source path is empty"/]
  [template.return template.ack c.empty="template.source"/]	


  //**set default ack**//
  [template.set_array ack status="error" message="Destination path is empty"/]
  [template.return template.ack c.empty="template.destination"/]
  
  
  //**check file exists**//
  [templates.file.file_exist path={template.source} o.set=template.file_ack/]
  
  [template.set_array ack status="error" message="Source file does not exists" /]
  [template.return template.ack c.cond="template.file_ack.status" c.neq="s:success"/]
  
  [template.set config={caws.config.authentication}/]
  
  //**local to s3**//
  [if.not_empty template.config]
  
    [aws_s3.copy_to_bucket source="{template.source}" destination="{template.destination}" config="{caws.config.authentication}" bucket_name="{template.bucket_name}" c.cond="template.file_ack.status" c.eq="s:success" o.set=template.ack/]
    
	[/if.not_empty]
  
  [template.return template.ack/]
  
[/templates.add]


[templates.add file.copy_content]
  [caws.config.authentication.buckets o.set=template.buckets /]
  [caws.config.authentication.buckets.loantap-uploads o.set=template.bucket_name c.empty="template.bucket"/]
  [template.get buckets.{template.bucket} o.set=template.bucket_name  c.not_empty="template.bucket"/]
	
  //**set default ack**//
  [template.set_array ack status="error" message="Source path is empty"/]
  [template.return template.ack c.empty="template.source"/]	

  //**set default ack**//
  [template.set_array ack status="error" message="Destination path is empty"/]
  [template.return template.ack c.empty="template.destination"/]
  
  //**get file name**//
  [php.basename p1="{template.destination}" o.set=template.dest_file_name/]  
  
  [template.set local_destination="/var/tmp/cibil/{token}-{template.dest_file_name}" /]
  
  //**s3 to local**//  
  [templates.file.copy source={template.source} destination="{template.local_destination}" o.set=template.ack/]
  
  [templates.file.file_exist path="{template.local_destination}" o.set=template.ree/]

  //**local to s3**//
  [aws_s3.move_file_to_bucket source="{template.local_destination}" destination="{template.destination}" config="{caws.config.authentication}" bucket_name="{template.bucket_name}" c.not_empty="caws.config.authentication" o.set=template.ack/]
  
  //**return ack**//
  [template.return template.ack c.cond="caws.config.read_local" c.eq="s:no" and.cond="template.ack.status" and.eq="s:success" /]
    
  [if.equal lhs="{template.ack.status}" rhs="error" ]
  	
    //**check file exists**//
    [templates.file.file_exist path={template.local_destination} o.set=template.file_exists_ack/]
    
    [php.copy p1="{template.local_destination}" p2="{template.source}" c.cond="template.file_exists_ack.status" c.eq="s:success" o.set=template.copy_ack /]
    
    //**set default ack**//
    [template.set_array ack status="error" message="error during file copy operation" c.false="template.copy_ack" /]
    [template.set_array ack status="success" message="file copied successfully" c.true="template.copy_ack" /]
    
  [/if.equal]
  
  [template.return template.ack/]
  
[/templates.add]

//**
	Description: copy file from s3 bucket to local
	* input :
    *		 source <string>
    *		 destination <string>
    *
    
**//
[templates.add file.copy]

  //**set default ack**//
  [template.set_array ack status="error" message="Source path is empty"/]
  [template.return template.ack c.empty="template.source"/]	
    
  //**set default ack**//
  [template.set_array ack status="error" message="Destination path is empty"/]
  [template.return template.ack c.empty="template.destination"/]
  
  //**get file data**//
  [templates.fetch.single path={template.source} o.set=template.ack /]
  
  //**return if error**//
  [template.return template.ack c.cond="template.ack.status" c.eq="s:error"/]
  
  //**get file information**//
  [php.pathinfo p1="{template.destination}" o.set=template.pathinfo /]
  
  //**check directory exists**//
  [php.is_dir p1={template.pathinfo.dirname} o.set=template.is_dir/]
  
  //**create nested directory**//
  [if.false template.is_dir]        	
    //**create nested directory**//
    [php.make_nested_directory p1={template.pathinfo.dirname} o.set=template.is_dir /]
  [/if.false] 
  
  [file.file_put file_content="{template.ack.data}" path={template.destination} safe="yes" o.set=template.ack_put /]
  
  //**check file exists**//
  [templates.file.file_exist path={template.path} o.set=template.file_ack/]
  
  [if.equal lhs="{template.file_ack.status}" rhs="success"]
  	[php.unlink p1="{template.destination}" c.cond="template.remove_file" c.eq="s:yes" o.set=template.unlink_res_c/]
  [/if.equal]
  
  [template.set_array ack status="{template.ack_put}" message="{template.ack_put} while copying file."/]

//**  [php.constant p1="UPLOADS_PATH" o.set="template.upload_path"/]
[template.set read_files="{template.upload_path}{template.lapp_id}/"/]   **//

  
  [template.return template.ack/]

[/templates.add]

[templates.add save.pdf]
  [caws.config.authentication.buckets o.set=template.buckets /]
  [caws.config.authentication.buckets.loantap-uploads o.set=template.bucket_name c.empty="template.bucket"/]
  [template.get buckets.{template.bucket} o.set=template.bucket_name  c.not_empty="template.bucket"/]

  //**set default ack**//
  [template.set_array ack status="error" message="path is empty"/]
  [template.return template.ack c.empty="template.path"/]	
    
  //**set default ack**//
  [template.set_array ack status="error" message="file_name is empty"/]
  [template.return template.ack c.empty="template.file_name"/]
  
  //**set default ack**//
  [template.set_array ack status="error" message="content is empty"/]
  [template.return template.ack c.empty="template.content"/]
  
  //******dir. where the file is to be stored******//
  [php.dirname p1="{server_variables.DOCUMENT_ROOT}" p2="1" o.set=template.root_path/]   
  
  [template.set local_path="{template.root_path}/uploads/{template.path}/"  /]
   
  [template.set format='A3' c.empty='template.format'/]
  [phantomjs.generate
    output_folder="{template.local_path}"
    output_file="{template.file_name}"
    format={template.format}
    o.set=template.file]
    [template.content/]
  [/phantomjs.generate]
  
  [aws_s3.move_file_to_bucket source="{template.local_path}/{template.file_name}" destination="{template.path}" config="{caws.config.authentication}" c.not_empty="caws.config.authentication" bucket_name="{template.bucket_name}" o.set=template.ack/]
   
  //*****remove file once upload in the s3*****//
  
  //***return ack***//
  [template.return template.ack/]
    
[/templates.add]

//**
	Desc : This will help to copy the file within same bucket
  input : 
  	source : <string>
    destination :
  
  ***//
[templates.add file.copy_into_same_bucket]
	
  //**set default ack**//
  [template.set_array ack status="error" message="source is empty"/]
  
  [template.return template.ack c.empty="template.source" /]

	//**set default ack**//
  [template.set_array ack status="error" message="destination is empty"/]
  
  [template.return template.ack c.empty="template.destination" /]
  
  //**get file data**//
  [templates.fetch.single path={template.source} o.set=template.ack /]
  
  //**return if error**//
  [template.return template.ack c.cond="template.ack.status" c.eq="s:error"/]
  
  //**set default ack**//
  [template.set_array ack status="error" message="file is empty"/]
  
  [template.return template.ack c.empty="template.ack.data" /]
  
  [templates.save.single path={template.destination} content="{template.ack.data}" o.set=template.ack  /]
  
  [template.return template.ack/]
  
[/templates.add]

[templates.add file.file_exist]
  
  //**set default ack**//
  [template.set_array ack status="success" message="file exist."/]

  //**check file exists**//
  [php.file_exists p1={template.path} o.set=template.file_exists/]

  //**set error message**//
  [template.set_array ack status="error" message="file does not exist."  c.false="template.file_exists"/]

  //**return error ack**//
  [template.return template.ack/]
  
[/templates.add]

[templates.add dir.dir_exist]

  //**set default ack**//
  [template.set_array ack status="success" message="directory exist."/]
  
  //**check file exists**//
  [php.is_dir p1={template.path} o.set=template.dir_exists/]

  //**set error message**//
  [template.set_array ack status="error" message="directory does not exist." c.false="template.dir_exists"/]
  
  //**return error ack**//
  [template.return template.ack /]
  
[/templates.add]

[templates.add delete_all_files]
  
  //**check directory exists**//
  [templates.dir.dir_exist path={template.path} o.set=template.ack/]
  
  //**return if not found**//
  [template.return template.ack c.cond="template.ack.status" c.eq="s:error"/]
    
  //**get all files from folder**//
  [php.doclist p1={template.path} o.set=template.docs/]
	

  [loop.@doc template.docs]
    [template.set ack=''/]
    
    //**check file exists**//
    [templates.file.file_exist path="{template.path}/{env.@doc.item.basename}" o.set=template.ack/]
    
    [php.unlink p1="{template.path}/{env.@doc.item.basename}"  c.cond="template.ack.status" c.eq="s:success" o.set=template.res/]
  [/loop.@doc]
  
  //**set default ack**//
  [template.set_array ack status="success" message="Files deleted successfully" c.true="template.res"/]
  
  //**set default ack**//
  [template.set_array ack status="success" message="Files not found to delete" c.empty="template.docs"/]
  
  [template.return template.ack/]
  
[/templates.add]

//**this function will return the base64 encoded data.**//
[templates.add file.create_zip_file]
  [caws.config.authentication.buckets o.set=template.buckets /]
  [caws.config.authentication.buckets.loantap-uploads o.set=template.bucket_name c.empty="template.bucket"/]
  [template.get buckets.{template.bucket} o.set=template.bucket_name  c.not_empty="template.bucket"/]
  
	//**set error ack**// 
	[template.set_array ack status="error" message="file path is empty"/]

	//**return error ack**//
	[template.return template.ack c.empty="template.path"/]
	
  //**Set upload path**//
  [template.set create_file_path="/var/tmp/cibil/"/]
	
  //***check if the directory is available or not***//
  [php.is_dir p1="{template.create_file_path}" o.set=template.dir_ack /]
  
  //****if temp directory is not present, create new ****//
  [if.true template.dir_ack]

    //**remove existing dir**//
    [php.rmdir p1="{template.create_file_path}" o.set=template.rmdir_ack /]    

  [/if.true]

  //*****create directory if not exists in tmp ********//
  [php.make_nested_directory p1="{template.create_file_path}" o.set=template.mkdir_ack /]
  
   //***check if the directory is available or not***//
  [php.is_dir p1="{template.create_file_path}" o.set=template.dir_nested_ack /]

  //**create file name***//
  [template.set download_path="{template.create_file_path}{template.path}.zip" /]
  [php.file_exists p1={template.download_path} o.set=template.file_check/]
	
  [aws_s3.create_zip_file config={caws.config.authentication} bucket_name="{template.bucket_name}" path="{template.path}" download_path="{template.download_path}" c.not_empty="caws.config.authentication" o.set=template.ack/]
 
 [if.equal lhs="{template.ack.status}" rhs="success"]
   //**get file content**//
   [file.file_get file_url={template.download_path} safe="yes"  o.set=template.data/]

   [php.base64_encode p1="{template.data}" o.set=template.ack.file_data /]
 [/if.equal]

[template.return template.ack/]
 
[/templates.add] ]]></content:encoded>
		<excerpt:encoded><![CDATA[]]></excerpt:encoded>
		<wp:post_id>884994</wp:post_id>
		<wp:post_date><![CDATA[2021-08-30 12:44:56]]></wp:post_date>
		<wp:post_date_gmt><![CDATA[2021-08-30 12:44:56]]></wp:post_date_gmt>
		<wp:post_modified><![CDATA[2024-11-06 08:29:32]]></wp:post_modified>
		<wp:post_modified_gmt><![CDATA[2024-11-06 08:29:32]]></wp:post_modified_gmt>
		<wp:comment_status><![CDATA[closed]]></wp:comment_status>
		<wp:ping_status><![CDATA[closed]]></wp:ping_status>
		<wp:post_name><![CDATA[files]]></wp:post_name>
		<wp:status><![CDATA[publish]]></wp:status>
		<wp:post_parent>0</wp:post_parent>
		<wp:menu_order>0</wp:menu_order>
		<wp:post_type><![CDATA[manage_documents]]></wp:post_type>
		<wp:post_password><![CDATA[]]></wp:post_password>
		<wp:is_sticky>0</wp:is_sticky>
														<wp:postmeta>
		<wp:meta_key><![CDATA[_edit_last]]></wp:meta_key>
		<wp:meta_value><![CDATA[1]]></wp:meta_value>
		</wp:postmeta>
							</item>
					<item>
		<title><![CDATA[]]></title>
		<link>https://10.128.98.22:9085/?post_type=manage_documents&#038;p=1097127</link>
		<pubDate>Wed, 03 Nov 2021 07:50:59 +0000</pubDate>
		<dc:creator><![CDATA[nishant]]></dc:creator>
		<guid isPermaLink="false">http://10.132.21.228:9085/?post_type=manage_documents&#038;p=1097127</guid>
		<description></description>
		<content:encoded><![CDATA[ 

//**list all the file**//
[debug.ignore]
[templates.add fetch.all]
  
  [caws.config.authentication.buckets o.set=template.buckets /]
  [caws.config.authentication.buckets.loantap-uploads o.set=template.bucket_name c.empty="template.bucket"/]
  [template.get buckets.{template.bucket} o.set=template.bucket_name  c.not_empty="template.bucket"/]

  //**set error ack**// 
  [template.set_array ack status="error" message="file path is empty"/]

  //**return error ack**//
  [template.return template.ack c.empty="template.path"/]
   
  
  //**file get all file**//
  [aws_s3.get_files config="{caws.config.authentication}" path={template.path} search="{template.search}" bucket_name="{template.bucket_name}" c.not_empty="caws.config.authentication" o.set=template.ack/]
  //**return ack**//
  [template.return template.ack c.cond="caws.config.read_local" c.eq="s:no" and.cond="template.ack.status" and.eq="s:success" /]
  
  //**set file path**//
  [template.set path="{clapp.config.uploads.path}{template.path}" /]
  
  //**check dir exists**//
  [templates.dir.dir_exist path="{template.path}" c.cond="template.ack.status" c.eq="s:error" o.set=template.ack/]
  
  //**return if not exists**//
  [template.return template.ack c.cond="template.ack.status" c.eq="s:error"/]
   
  //*******getting the list of all the documents in the folder when files does not found on s3******// 
  [php.doclist p1={template.path}  o.set=template.docs/]
  
  [php.glob p1="{template.path}/*{template.search}*" c.not_empty="template.search" o.set=template.docs/]
  
  //**mearge files **//
  [template.ack.files o.merge_with=template.docs/]
    
  //**Get unique files**//
  [template.set files_arr=''/]
  [loop.@file template.docs]

      //***get file name****//
      [env.get @file.item.basename c.not_empty='@file.item.basename' o.set=template.file_name/]
      [env.get @file.item c.empty='@file.item.basename' o.set=template.file_name/]

      //**get file name**//
      [php.basename p1={template.file_name} c.empty='@file.item.basename' o.set=template.file_name/]

      //****check if file is present in array***//
      [php.in_array p1={template.file_name} p2={template.files_arr} c.not_empty="template.files_arr" o.set=template.in_array/]
      
      //****keep in array****//
      [template.get file_name o.set=template.files_arr.new/]

      //****create new docs***//
      [template.set_array docsv2.new basename={template.file_name} c.false='template.in_array'/]

  [/loop.@file]
  [template.get docsv2 c.not_empty='template.docsv2' o.set=template.docs/]

  //**set ack for files**//
  [template.set_array ack status="success" message="Files" files="{template.docs}"/]
  
  //**return ack**//
  [template.return template.ack/]
  
[/templates.add]
[/debug.ignore]

//**list all the file**//

[templates.add fetch.all]  

  //**set error ack**// 
  [template.set_array ack status="error" message="file path is empty"/]

  //**return error ack**//
  [template.return template.ack c.empty="template.path"/]
  
  //**set file path**//
  [template.set path="{clapp.config.uploads.path}{template.path}" /]
  
  //**check dir exists**//
  [templates.dir.dir_exist path="{template.path}" c.cond="template.ack.status" c.eq="s:error" o.set=template.ack/]
  
  //**return if not exists**//
  [template.return template.ack c.cond="template.ack.status" c.eq="s:error"/]
   
  //**getting the list of all the documents in the folder**// 
  [php.scandir p1={template.path}  o.set=template.docs/]
  //**[template.echo /]**//
  //**[php.glob p1="{template.path}/*{template.search}*" c.not_empty="template.search" o.set=template.docs/]**//
  
  //**mearge files 
  [template.ack.files o.merge_with=template.docs/]**//
  
  //**Get unique files**//
  [template.set files_arr=''/]
  
  [loop.@file template.docs]
  
  		[if.not_contains needle={@file.item} haystack=".,.."]

        //***get file name****//
        [env.get @file.item.basename c.not_empty='@file.item.basename' o.set=template.file_name/]
        [env.get @file.item c.empty='@file.item.basename' o.set=template.file_name/]

        //**get file name**//
        [php.basename p1={template.file_name} c.empty='@file.item.basename' o.set=template.file_name/]

        //****check if file is present in array***//
        [php.in_array p1={template.file_name} p2={template.files_arr} c.not_empty="template.files_arr" o.set=template.in_array/]

        //****keep in array****//
        [template.get file_name o.set=template.files_arr.new/]

        //****create new docs***//
        [template.set_array docsv2.new basename={template.file_name} c.false='template.in_array'/]

      [/if.not_contains]

  [/loop.@file]
  
  [template.get files_arr c.not_empty='template.files_arr' o.set=template.docs/]
  
  //**set ack for files**//
  [template.set_array ack status="success" message="Files" files="{template.docs}"/]
    
  //**return ack**//
  [template.return template.ack/]
  
[/templates.add]

//**Delete single file**//
[templates.add remove.single]

  [caws.config.authentication.buckets o.set=template.buckets /]
  [caws.config.authentication.buckets.loantap-uploads o.set=template.bucket_name c.empty="template.bucket"/]
  [template.get buckets.{template.bucket} o.set=template.bucket_name  c.not_empty="template.bucket"/]

  //**set error ack**// 
  [template.set_array ack status="error" message="file path is empty"/]

  //**return error ack**//
  [template.return template.ack c.empty="template.path"/]	
  
  
  //**Delete files**//
  [aws_s3.delete_file config="{caws.config.authentication}" path={template.path} bucket_name="{template.bucket_name}" c.not_empty="caws.config.authentication" o.set=template.ack/]
  
  //**return ack**//
  [template.return template.ack c.cond="caws.config.read_local" c.eq="s:no" and.cond="template.ack.status" and.eq="s:success" /]
  
  //**set file path**//
  [template.set path="{clapp.config.uploads.path}{template.path}" /]  
  
  //**return if not exists**//
  [template.return template.ack c.cond="template.ack.status" c.eq="s:error"/]
      
  //**check file exists**//
  [templates.file.file_exist path={template.path} c.cond="template.ack.status" c.eq="s:error" o.set=template.file_ack/]
  
  //***remove file**//
  [php.unlink p1="{template.path}" c.cond="template.file_ack.status" c.eq="s:success" o.set=template.unlink_res_remove/] 
  
  //**set success message**//
  [template.set_array ack status="success" message="file deleted successfully." c.true="template.unlink_res_remove" /]
  
  //**return ack**//
  [template.return template.ack/]
  
[/templates.add]

//**Delete all the files**//
[templates.add remove.all]
	
  [caws.config.authentication.buckets o.set=template.buckets /]
  [caws.config.authentication.buckets.loantap-uploads o.set=template.bucket_name c.empty="template.bucket"/]
  [template.get buckets.{template.bucket} o.set=template.bucket_name  c.not_empty="template.bucket"/]
  
  //**set error ack**// 
  [template.set_array ack status="error" message="file path is empty"/]

  //**return error ack**//
  [template.return template.ack c.empty="template.path"/]	
  
  [debug.ignore]
  	[template.set ack.status='error' /]
  [/debug.ignore]
  
  //**Delete all files**//
  [aws_s3.delete_all_files config="{caws.config.authentication}" path={template.path} bucket_name="{template.bucket_name}" c.not_empty="caws.config.authentication" o.set=template.ack/]
  
  //**return ack**//
  [template.return template.ack c.cond="caws.config.read_local" c.eq="s:no" and.cond="template.ack.status" and.eq="s:success" /]
  
  //**set file path**//
  [template.set path="{clapp.config.uploads.path}{template.path}" /]
  
  [templates.delete_all_files path={template.path} o.set=template.ack /]
  
  //**return ack**//
  [template.return template.ack/]
  
[/templates.add]

//**Need discussion on download file created by save.single**//

[templates.add download.single]
  [caws.config.authentication.buckets o.set=template.buckets /]
  [caws.config.authentication.buckets.loantap-uploads o.set=template.bucket_name c.empty="template.bucket"/]
  [template.get buckets.{template.bucket} o.set=template.bucket_name  c.not_empty="template.bucket"/]
	
  //**set error ack**// 
  [template.set_array ack status="error" message="file path is empty"/]

  //**return error ack**//
  [template.return template.ack c.empty="template.path"/]	
  
  [debug.ignore]
  	[template.set ack.status='error' /]
  [/debug.ignore]
  
  //**Download single file**//
  [aws_s3.download_file config="{caws.config.authentication}" path={template.path} bucket_name="{template.bucket_name}" c.not_empty="caws.config.authentication" o.set=template.ack/] 
    
  //**file downloaded **//
  [template.return c.empty="template.ack"/]
  
  //**set file path**//
  [template.set path="{clapp.config.uploads.path}{template.path}" /]
  
  //**check file exists**//
  [templates.file.file_exist path={template.path} c.cond="template.ack.status" c.eq="s:error" o.set=template.ack/]
  
  //**return if not exists**//
  [template.return template.ack c.cond="template.ack.status" c.eq="s:error"/]  
  
  //**get file name from path**//
  [php.basename p1="{template.path}" o.set=template.file_name/]  
  
  //**Download file**//
  [php.output_file p1="{template.path}" p2="{template.file_name}" /]
  
[/templates.add]

//**download files from local**//
[templates.add download.all.local]
  //**set error ack**// 
  [template.set_array ack status="error" message="file path is empty"/]

  //**return error ack**//
  [template.return template.ack c.empty="template.path"/]
  
   //****download zip***//
  [clapp.directory.download.zip lapp_id={template.path}/]
	
[/templates.add]

[templates.add download.all.cloud]

  [caws.config.authentication.buckets o.set=template.buckets /]
  [caws.config.authentication.buckets.loantap-uploads o.set=template.bucket_name c.empty="template.bucket"/]
  [template.get buckets.{template.bucket} o.set=template.bucket_name  c.not_empty="template.bucket"/]

  //**set error ack**// 
  [template.set_array ack status="error" message="file path is empty"/]

  //**return error ack**//
  [template.return template.ack c.empty="template.path"/]	
  
  //**Download single file
  	Need to discussion on download path, need confirmation
  **//  
  [aws_s3.download_all config="{caws.config.authentication}" path={template.path} bucket_name="{template.bucket_name}" c.not_empty="caws.config.authentication" download_path="/var/tmp/cibil/{token}.zip" o.set=template.ack/] 
  
  //**return ack**//
  [template.return template.ack c.cond="caws.config.read_local" c.eq="s:no" and.cond="template.ack.status" and.eq="s:success" /]
  
  //**check dir exists**//
  [templates.dir.dir_exist path="{clapp.config.uploads.path}{template.path}" c.cond="template.ack.status" c.eq="s:error" o.set=template.ack/]
  
  //**return if not exists**//
  [template.return template.ack c.cond="template.ack.status" c.eq="s:error"/]
  
  //****download zip***//
  [clapp.directory.download.zip lapp_id={template.path}/]
  
[/templates.add]

//**Download files from public url**//
[templates.add download.public_file]

  [caws.config.authentication.buckets o.set=template.buckets /]
  [caws.config.authentication.buckets.loantap-uploads o.set=template.bucket_name c.empty="template.bucket"/]
  [template.get buckets.{template.bucket} o.set=template.bucket_name  c.not_empty="template.bucket"/]

  //**set error ack**// 
  [template.set_array ack status="error" message="path is empty"/]

  //**return error ack**//
  [template.return template.ack c.empty="template.path"/]	
  
  [php.basename p1="{template.path}" o.set=template.file_name/]
  
  [template.set tmp_path="/var/tmp/cibil/"/]
  
  [template.set destination="{template.tmp_path}{template.file_name}" /]  
   
  [aws_s3.download_public_file config="{caws.config.authentication}" source="{template.path}" destination="{template.destination}" bucket_name="{template.bucket_name}" c.not_empty="caws.config.authentication" o.set=template.ack/]
  
  
  [if.equal lhs="{template.ack.status}" rhs="success"]
     
    //****if file is not empty*****//
  	[php.output_file p1="{template.destination}" p2="{template.file_name}" c.not_empty='template.file_name' o.set=template.rs /]
    [template.return /]
  [/if.equal]
  [if.else]
  
    //**download from local if error**//
    [template.set path="{clapp.config.uploads.path}{template.path}" /]

    [php.pathinfo p1="{template.path}" o.set=template.pathinfo /]  

    //****if file is not empty*****//
    [php.output_file p1="{template.pathinfo.dirname}" p2="{template.pathinfo.filename}" c.not_empty='template.pathinfo.filename' o.set=template.rs /]
    
  [/if.else]
[/templates.add]

//**Need to discuss this how this will work**//
[templates.add read.single]
  [caws.config.authentication.buckets o.set=template.buckets /]
  [caws.config.authentication.buckets.loantap-uploads o.set=template.bucket_name c.empty="template.bucket"/]
  [template.get buckets.{template.bucket} o.set=template.bucket_name  c.not_empty="template.bucket"/]
  
  //**set error ack**// 
  [template.set_array ack status="error" message="file path is empty"/]

  //**return error ack**//
  [template.return template.ack c.empty="template.path"/]	
    
  [debug.ignore]  
  	[template.set ack.status='error' /]
  [/debug.ignore]
  
  
  //**read file from aws**//
  [aws_s3.read_file config={caws.config.authentication} c.not_empty="caws.config.authentication" path={template.path} bucket_name="{template.bucket_name}" o.set=template.ack/] 
  
  //**return ack**//
  [template.return template.ack c.cond="caws.config.read_local" c.eq="s:no" and.cond="template.ack.status" and.eq="s:success" /]
  
  //**set file path**//
  [template.set path="{clapp.config.uploads.path}{template.path}" /]
  
  //**check file exists**//
  [templates.file.file_exist path={template.path} c.cond="template.ack.status" c.eq="s:error" o.set=template.ack/]
  
  //**[template.echo c.cond="env.app.user.email" c.eq="s:vaibhav@loantap.in"/]**//
 
  //**return if not exists**//
  [template.return template.ack c.cond="template.ack.status" c.eq="s:error"/]
  
  //**get file name from path**//
  [php.basename p1="{template.path}" o.set=template.file_name/]  
  
  [template.set filepath="{template.path}"/]    

  [file.open_file file={template.filepath} name='{template.file_name}' safe='yes'/]
  
  [template.return template.ack/]
  
[/templates.add]

[templates.add file.local_to_s3]
  [caws.config.authentication.buckets o.set=template.buckets /]
  [caws.config.authentication.buckets.loantap-uploads o.set=template.bucket_name c.empty="template.bucket"/]
  [template.get buckets.{template.bucket} o.set=template.bucket_name  c.not_empty="template.bucket"/]

   //**set default ack**//
  [template.set_array ack status="error" message="Source path is empty"/]
  [template.return template.ack c.empty="template.source"/]	


  //**set default ack**//
  [template.set_array ack status="error" message="Destination path is empty"/]
  [template.return template.ack c.empty="template.destination"/]
  
  
  //**check file exists**//
  [templates.file.file_exist path={template.source} o.set=template.file_ack/]
  
  [template.set_array ack status="error" message="Source file does not exists" /]
  [template.return template.ack c.cond="template.file_ack.status" c.neq="s:success"/]
  
  [template.set config={caws.config.authentication}/]
  
  //**local to s3**//
  [if.not_empty template.config]
  
    [aws_s3.copy_to_bucket source="{template.source}" destination="{template.destination}" config="{caws.config.authentication}" bucket_name="{template.bucket_name}" c.cond="template.file_ack.status" c.eq="s:success" o.set=template.ack/]
    
	[/if.not_empty]
  
  [template.return template.ack/]
  
[/templates.add]


[templates.add file.copy_content]
  [caws.config.authentication.buckets o.set=template.buckets /]
  [caws.config.authentication.buckets.loantap-uploads o.set=template.bucket_name c.empty="template.bucket"/]
  [template.get buckets.{template.bucket} o.set=template.bucket_name  c.not_empty="template.bucket"/]
	
  //**set default ack**//
  [template.set_array ack status="error" message="Source path is empty"/]
  [template.return template.ack c.empty="template.source"/]	

  //**set default ack**//
  [template.set_array ack status="error" message="Destination path is empty"/]
  [template.return template.ack c.empty="template.destination"/]
  
  //**get file name**//
  [php.basename p1="{template.destination}" o.set=template.dest_file_name/]  
  
  [template.set local_destination="/var/tmp/cibil/{token}-{template.dest_file_name}" /]
  
  //**s3 to local**//  
  [templates.file.copy source={template.source} destination="{template.local_destination}" o.set=template.ack/]
  
  [templates.file.file_exist path="{template.local_destination}" o.set=template.ree/]

  //**local to s3**//
  [aws_s3.move_file_to_bucket source="{template.local_destination}" destination="{template.destination}" config="{caws.config.authentication}" bucket_name="{template.bucket_name}" c.not_empty="caws.config.authentication" o.set=template.ack/]
  
  //**return ack**//
  [template.return template.ack c.cond="caws.config.read_local" c.eq="s:no" and.cond="template.ack.status" and.eq="s:success" /]
    
  [if.equal lhs="{template.ack.status}" rhs="error" ]
  	
    //**check file exists**//
    [templates.file.file_exist path={template.local_destination} o.set=template.file_exists_ack/]
    
    [php.copy p1="{template.local_destination}" p2="{template.source}" c.cond="template.file_exists_ack.status" c.eq="s:success" o.set=template.copy_ack /]
    
    //**set default ack**//
    [template.set_array ack status="error" message="error during file copy operation" c.false="template.copy_ack" /]
    [template.set_array ack status="success" message="file copied successfully" c.true="template.copy_ack" /]
    
  [/if.equal]
  
  [template.return template.ack/]
  
[/templates.add]

//**
	Description: copy file from s3 bucket to local
	* input :
    *		 source <string>
    *		 destination <string>
    *
    
**//
[templates.add file.copy]

  //**set default ack**//
  [template.set_array ack status="error" message="Source path is empty"/]
  [template.return template.ack c.empty="template.source"/]	
    
  //**set default ack**//
  [template.set_array ack status="error" message="Destination path is empty"/]
  [template.return template.ack c.empty="template.destination"/]
  
  //**get file data**//
  [templates.fetch.single path={template.source} o.set=template.ack /]
  
  //**return if error**//
  [template.return template.ack c.cond="template.ack.status" c.eq="s:error"/]
  
  //**get file information**//
  [php.pathinfo p1="{template.destination}" o.set=template.pathinfo /]
  
  //**check directory exists**//
  [php.is_dir p1={template.pathinfo.dirname} o.set=template.is_dir/]
  
  //**create nested directory**//
  [if.false template.is_dir]        	
    //**create nested directory**//
    [php.make_nested_directory p1={template.pathinfo.dirname} o.set=template.is_dir /]
  [/if.false] 
  
  [file.file_put file_content="{template.ack.data}" path={template.destination} safe="yes" o.set=template.ack_put /]
  
  //**check file exists**//
  [templates.file.file_exist path={template.path} o.set=template.file_ack/]
  
  [if.equal lhs="{template.file_ack.status}" rhs="success"]
  	[php.unlink p1="{template.destination}" c.cond="template.remove_file" c.eq="s:yes" o.set=template.unlink_res_c/]
  [/if.equal]
  
  [template.set_array ack status="{template.ack_put}" message="{template.ack_put} while copying file."/]
  
  [template.return template.ack/]

[/templates.add]

[templates.add save.pdf]
  [caws.config.authentication.buckets o.set=template.buckets /]
  [caws.config.authentication.buckets.loantap-uploads o.set=template.bucket_name c.empty="template.bucket"/]
  [template.get buckets.{template.bucket} o.set=template.bucket_name  c.not_empty="template.bucket"/]

  //**set default ack**//
  [template.set_array ack status="error" message="path is empty"/]
  [template.return template.ack c.empty="template.path"/]	
    
  //**set default ack**//
  [template.set_array ack status="error" message="file_name is empty"/]
  [template.return template.ack c.empty="template.file_name"/]
  
  //**set default ack**//
  [template.set_array ack status="error" message="content is empty"/]
  [template.return template.ack c.empty="template.content"/]
  
  //******dir. where the file is to be stored******//
  [php.dirname p1="{server_variables.DOCUMENT_ROOT}" p2="1" o.set=template.root_path/]   
  
  [template.set local_path="{template.root_path}/uploads/{template.path}/"  /]
   
  [template.set format='A3' c.empty='template.format'/]
  [phantomjs.generate
    output_folder="{template.local_path}"
    output_file="{template.file_name}"
    format={template.format}
    o.set=template.file]
    [template.content/]
  [/phantomjs.generate]
  
  [aws_s3.move_file_to_bucket source="{template.local_path}/{template.file_name}" destination="{template.path}" config="{caws.config.authentication}" c.not_empty="caws.config.authentication" bucket_name="{template.bucket_name}" o.set=template.ack/]
   
  //*****remove file once upload in the s3*****//
  
  //***return ack***//
  [template.return template.ack/]
    
[/templates.add]

//**
	Desc : This will help to copy the file within same bucket
  input : 
  	source : <string>
    destination :
  
  ***//
[templates.add file.copy_into_same_bucket]
	
  //**set default ack**//
  [template.set_array ack status="error" message="source is empty"/]
  
  [template.return template.ack c.empty="template.source" /]

	//**set default ack**//
  [template.set_array ack status="error" message="destination is empty"/]
  
  [template.return template.ack c.empty="template.destination" /]
  
  //**get file data**//
  [templates.fetch.single path={template.source} o.set=template.ack /]
  
  //**return if error**//
  [template.return template.ack c.cond="template.ack.status" c.eq="s:error"/]
  
  //**set default ack**//
  [template.set_array ack status="error" message="file is empty"/]
  
  [template.return template.ack c.empty="template.ack.data" /]
  
  [templates.save.single path={template.destination} content="{template.ack.data}" o.set=template.ack  /]
  
  [template.return template.ack/]
  
[/templates.add]

[templates.add file.file_exist]
  
  //**set default ack**//
  [template.set_array ack status="success" message="file exist."/]

  //**check file exists**//
  [php.file_exists p1={template.path} o.set=template.file_exists/]

  //**set error message**//
  [template.set_array ack status="error" message="file does not exist."  c.false="template.file_exists"/]

  //**return error ack**//
  [template.return template.ack/]
  
[/templates.add]

[templates.add dir.dir_exist]

  //**set default ack**//
  [template.set_array ack status="success" message="directory exist."/]
  
  //**check file exists**//
  [php.is_dir p1={template.path} o.set=template.dir_exists/]

  //**set error message**//
  [template.set_array ack status="error" message="directory does not exist." c.false="template.dir_exists"/]
  
  //**return error ack**//
  [template.return template.ack /]
  
[/templates.add]

[templates.add delete_all_files]
  
  //**check directory exists**//
  [templates.dir.dir_exist path={template.path} o.set=template.ack/]
  
  //**return if not found**//
  [template.return template.ack c.cond="template.ack.status" c.eq="s:error"/]
    
  //**get all files from folder**//
  [php.doclist p1={template.path} o.set=template.docs/]
	

  [loop.@doc template.docs]
    [template.set ack=''/]
    
    //**check file exists**//
    [templates.file.file_exist path="{template.path}/{env.@doc.item.basename}" o.set=template.ack/]
    
    [php.unlink p1="{template.path}/{env.@doc.item.basename}"  c.cond="template.ack.status" c.eq="s:success" o.set=template.res/]
  [/loop.@doc]
  
  //**set default ack**//
  [template.set_array ack status="success" message="Files deleted successfully" c.true="template.res"/]
  
  //**set default ack**//
  [template.set_array ack status="success" message="Files not found to delete" c.empty="template.docs"/]
  
  [template.return template.ack/]
  
[/templates.add]

//**this function will return the base64 encoded data.**//
[templates.add file.create_zip_file]
  [caws.config.authentication.buckets o.set=template.buckets /]
  [caws.config.authentication.buckets.loantap-uploads o.set=template.bucket_name c.empty="template.bucket"/]
  [template.get buckets.{template.bucket} o.set=template.bucket_name  c.not_empty="template.bucket"/]
  
	//**set error ack**// 
	[template.set_array ack status="error" message="file path is empty"/]

	//**return error ack**//
	[template.return template.ack c.empty="template.path"/]
	
  //**Set upload path**//
  [template.set create_file_path="/var/tmp/cibil/"/]
	
  //***check if the directory is available or not***//
  [php.is_dir p1="{template.create_file_path}" o.set=template.dir_ack /]
  
  //****if temp directory is not present, create new ****//
  [if.true template.dir_ack]

    //**remove existing dir**//
    [php.rmdir p1="{template.create_file_path}" o.set=template.rmdir_ack /]    

  [/if.true]

  //*****create directory if not exists in tmp ********//
  [php.make_nested_directory p1="{template.create_file_path}" o.set=template.mkdir_ack /]
  
   //***check if the directory is available or not***//
  [php.is_dir p1="{template.create_file_path}" o.set=template.dir_nested_ack /]

  //**create file name***//
  [template.set download_path="{template.create_file_path}{template.path}.zip" /]
  [php.file_exists p1={template.download_path} o.set=template.file_check/]
	
  [aws_s3.create_zip_file config={caws.config.authentication} bucket_name="{template.bucket_name}" path="{template.path}" download_path="{template.download_path}" c.not_empty="caws.config.authentication" o.set=template.ack/]
 
 [if.equal lhs="{template.ack.status}" rhs="success"]
   //**get file content**//
   [file.file_get file_url={template.download_path} safe="yes"  o.set=template.data/]

   [php.base64_encode p1="{template.data}" o.set=template.ack.file_data /]
 [/if.equal]

[template.return template.ack/]
 
[/templates.add] ]]></content:encoded>
		<excerpt:encoded><![CDATA[]]></excerpt:encoded>
		<wp:post_id>1097127</wp:post_id>
		<wp:post_date><![CDATA[2021-11-03 07:50:59]]></wp:post_date>
		<wp:post_date_gmt><![CDATA[2021-11-03 07:50:59]]></wp:post_date_gmt>
		<wp:post_modified><![CDATA[2021-11-03 07:51:18]]></wp:post_modified>
		<wp:post_modified_gmt><![CDATA[2021-11-03 07:51:18]]></wp:post_modified_gmt>
		<wp:comment_status><![CDATA[closed]]></wp:comment_status>
		<wp:ping_status><![CDATA[closed]]></wp:ping_status>
		<wp:post_name><![CDATA[1097127]]></wp:post_name>
		<wp:status><![CDATA[publish]]></wp:status>
		<wp:post_parent>0</wp:post_parent>
		<wp:menu_order>0</wp:menu_order>
		<wp:post_type><![CDATA[manage_documents]]></wp:post_type>
		<wp:post_password><![CDATA[]]></wp:post_password>
		<wp:is_sticky>0</wp:is_sticky>
														<wp:postmeta>
		<wp:meta_key><![CDATA[_edit_last]]></wp:meta_key>
		<wp:meta_value><![CDATA[1]]></wp:meta_value>
		</wp:postmeta>
							</item>
				</channel>
</rss>
	