<?xml version="1.0" encoding="UTF-8" ?>
<!-- This is a WordPress eXtended RSS file generated by WordPress as an export of your site. -->
<!-- It contains information about your site's posts, pages, comments, categories, and other content. -->
<!-- You may use this file to transfer that content from one site to another. -->
<!-- This file is not intended to serve as a complete backup of your site. -->

<!-- To import this information into a WordPress site follow these steps: -->
<!-- 1. Log in to that site as an administrator. -->
<!-- 2. Go to Tools: Import in the WordPress admin panel. -->
<!-- 3. Install the "WordPress" importer from the list. -->
<!-- 4. Activate & Run Importer. -->
<!-- 5. Upload this file using the form provided on that page. -->
<!-- 6. You will first be asked to map the authors in this export file to users -->
<!--    on the site. For each author, you may choose to map to an -->
<!--    existing user on the site or to create a new user. -->
<!-- 7. WordPress will then import each of the posts, pages, comments, categories, etc. -->
<!--    contained in this file into your site. -->

	<!-- generator="WordPress/6.6.1" created="2025-06-18 09:36" -->
<rss version="2.0"
	xmlns:excerpt="http://wordpress.org/export/1.2/excerpt/"
	xmlns:content="http://purl.org/rss/1.0/modules/content/"
	xmlns:wfw="http://wellformedweb.org/CommentAPI/"
	xmlns:dc="http://purl.org/dc/elements/1.1/"
	xmlns:wp="http://wordpress.org/export/1.2/"
>

<channel>
	<title>Colender</title>
	<link>https://10.128.98.22:9085</link>
	<description>Just another WordPress site</description>
	<pubDate>Wed, 18 Jun 2025 09:36:57 +0000</pubDate>
	<language>en-US</language>
	<wp:wxr_version>1.2</wp:wxr_version>
	<wp:base_site_url>https://10.128.98.22:9085</wp:base_site_url>
	<wp:base_blog_url>https://10.128.98.22:9085</wp:base_blog_url>

		<wp:author><wp:author_id>9</wp:author_id><wp:author_login><![CDATA[abhijeet@loantap.in]]></wp:author_login><wp:author_email><![CDATA[abhijeet@loantap.in]]></wp:author_email><wp:author_display_name><![CDATA[Abhijeet Patait]]></wp:author_display_name><wp:author_first_name><![CDATA[Abhijeet]]></wp:author_first_name><wp:author_last_name><![CDATA[Patait]]></wp:author_last_name></wp:author>

				
	<generator>https://wordpress.org/?v=6.6.1</generator>

		<item>
		<title><![CDATA[lapp-tracked-process]]></title>
		<link>https://10.128.98.22:9085/?post_type=tracked_process&#038;p=1353356</link>
		<pubDate>Wed, 09 Aug 2023 05:45:46 +0000</pubDate>
		<dc:creator><![CDATA[abhijeet@loantap.in]]></dc:creator>
		<guid isPermaLink="false">https://bom.thearks.in/?post_type=tracked_process&#038;p=1353356</guid>
		<description></description>
		<content:encoded><![CDATA[[templates.add main desc="initiates a lapp api process"]
    

    [tracked_process.tracked-process.main data={template.data} o.set=template.process_response/]
   
    [template.set_array ack_res]
      [lapp_id _value={template.data.form_data.lapp_id} /]
      [process_id _value={template.process_response.process_id} /]
      [process_meta _value={template.process_response.meta.private} /]
      [process_insert_status _value={template.process_response.process_insert_status} /]
      [api_status _value={template.process_response.api_status} /]
  	[/template.set_array] 
    [template.return template.ack_res c.cond="template.process_response.api_status" c.eq="s:error"/]  
    
    [aw2_error.create message="{template.process_response.message}" error_code="item_missing" c.cond="template.process_response.status" c.eq='s:error' o.set=template.ack/]
    
    //**return when error is present**//
    [template.return template.ack c.aw2_error="template.ack"/] 
 
    [aw2_error.create message="Process not created." error_code="item_missing" c.empty="template.process_response.process_id" o.set=template.ack/]
  
  	//***error when data is not present****//
  	[aw2_error.create message="API not working." error_code="item_missing" c.empty="template.process_response.meta" o.set=template.ack/]
  
    //**return when error is present**//
    [template.return template.ack c.aw2_error="template.ack"/]
    
    [template.set_array ack_res]
      [lapp_id _value={template.data.form_data.lapp_id} /]
      [process_id _value={template.process_response.process_id} /]
      [process_meta _value={template.process_response.meta} /]
      [process_meta_status _value={template.process_response.process_insert_status} /]
    [/template.set_array] 
     
    [template.return template.ack_res c.empty="template.data.lapp_process_config"/] 
  
    
    //**[aw2_error.create message="Lapp Process Config not defined." error_code="item_missing" c.empty="template.data.lapp_process_config" o.set=template.ack/]**//
    
    //**Build the meta_data for lapp_process table**//	
    [template.set_array lapp_process_data]
      [lapp_id _value={template.data.form_data.lapp_id} /]
      [process_id _value={template.process_response.process_id} /]
      [meta  _value={template.process_response.meta.private} /]
      [service _value={template.data.lapp_process_config} /]
  	[/template.set_array] 
    
    //**Call the service for lapp_process manupulation**//
    [clapp_process.payload data={template.lapp_process_data} o.set=template.lapp_process_ack/]
    
    [template.set_array ack_res lapp_process_meta={template.lapp_process_ack.meta}/] 
    [template.set_array ack_res lapp_process_status={template.lapp_process_ack.status}/]  
    
    [template.return template.ack_res c.empty="template.data.lapp_meta_config"/] 
  
    //***Create Lapp_meta config***//
    [template.set_array lapp_meta_data]
    	[process_id _value={template.process_response.process_id} /]
      [lapp_id _value={template.data.form_data.lapp_id} /]
      [meta _value={template.lapp_process_ack.meta} /]
  	[/template.set_array] 
    
    [service.run service='{template.data.lapp_meta_config}' data={template.lapp_meta_data}  o.set=template.lapp_meta_ack /] 
     
    [template.set_array ack_res lapp_update_status={template.lapp_meta_ack.status}/]
    
    [template.return template.ack_res/] 
    
    
[/templates.add]

]]></content:encoded>
		<excerpt:encoded><![CDATA[]]></excerpt:encoded>
		<wp:post_id>1353356</wp:post_id>
		<wp:post_date><![CDATA[2023-08-09 05:45:46]]></wp:post_date>
		<wp:post_date_gmt><![CDATA[2023-08-09 05:45:46]]></wp:post_date_gmt>
		<wp:post_modified><![CDATA[2023-08-09 05:45:46]]></wp:post_modified>
		<wp:post_modified_gmt><![CDATA[2023-08-09 05:45:46]]></wp:post_modified_gmt>
		<wp:comment_status><![CDATA[closed]]></wp:comment_status>
		<wp:ping_status><![CDATA[closed]]></wp:ping_status>
		<wp:post_name><![CDATA[lapp-tracked-process]]></wp:post_name>
		<wp:status><![CDATA[publish]]></wp:status>
		<wp:post_parent>0</wp:post_parent>
		<wp:menu_order>0</wp:menu_order>
		<wp:post_type><![CDATA[tracked_process]]></wp:post_type>
		<wp:post_password><![CDATA[]]></wp:post_password>
		<wp:is_sticky>0</wp:is_sticky>
														<wp:postmeta>
		<wp:meta_key><![CDATA[_edit_last]]></wp:meta_key>
		<wp:meta_value><![CDATA[9]]></wp:meta_value>
		</wp:postmeta>
							<wp:postmeta>
		<wp:meta_key><![CDATA[_wp_old_date]]></wp:meta_key>
		<wp:meta_value><![CDATA[2023-08-08]]></wp:meta_value>
		</wp:postmeta>
							<wp:postmeta>
		<wp:meta_key><![CDATA[_wp_old_slug]]></wp:meta_key>
		<wp:meta_value><![CDATA[ekyc-process]]></wp:meta_value>
		</wp:postmeta>
							</item>
					<item>
		<title><![CDATA[tracked-process]]></title>
		<link>https://10.128.98.22:9085/?post_type=tracked_process&#038;p=1353366</link>
		<pubDate>Wed, 09 Aug 2023 05:48:04 +0000</pubDate>
		<dc:creator><![CDATA[abhijeet@loantap.in]]></dc:creator>
		<guid isPermaLink="false">https://bom.thearks.in/?post_type=tracked_process&#038;p=1353366</guid>
		<description></description>
		<content:encoded><![CDATA[[templates.add main desc="tracked process"]
		
    [aw2_error.create message="env is missing." error_code="item_missing" c.empty="template.data.form_data.env" o.set=template.ack/]
    
     //**return when error is present**//
    [template.return template.ack c.aw2_error="template.ack"/] 
    
    //**call the config to get the config and request data for the call**//
    [service.run service='{template.data.tracking_config}' data={template.data}  o.set=template.tracking_config_ack /]
    
        
     
    [aw2_error.create message="Input missing :: {template.tracking_config_ack.message}" error_code="item_missing" c.empty="template.tracking_config_ack.input" o.set=template.ack/]
     
     //**return when error is present**//
    [template.return template.ack c.aw2_error="template.ack"/] 
    
    [aw2_error.create message="Vendor configuration missing." error_code="item_missing" c.empty="template.tracking_config_ack.vendor" o.set=template.ack/]
    
    //**return when error is present**//
    [template.return template.ack c.aw2_error="template.ack"/]
    //**DO the specific API call**//
    [service.run service='{template.data.tracking_service}' data={template.tracking_config_ack} o.set=template.res_ack /]
    
    //**Create process id***//
    
    [template.set process_id='{template.data.process.process_id}' c.not_empty="template.data.process.process_id" /]
    [template.set process_id='PROCESS{unique_number}' c.empty="template.data.process.process_id" /]

    
    //**Build the meta_data for process_meta table**//
  	[template.set_array process_data]
      [form_data _value={template.data.form_data} /]
      [process_id _value={template.process_id} /]
      [meta]
        [private _value={template.res_ack.private} /]
        [common _value={template.res_ack.common} /]
      [/meta]
      [process _value={template.data.process} /]
  	[/template.set_array]
    
   //**Call the service for process_meta manupulation**//
    [service.run service="tracked_services.process-meta.process.payload" process_data={template.process_data} o.set=template.process_ack/] 
     //**Build the meta_data for process_turnaround table**//
    [template.set_array turnaround_data]
      [form_data _value={template.data.form_data} /]
      [process_id _value={template.process_id} /]
      [meta _value={template.res_ack.common} /]
      [process _value={template.data.process} /]
  	[/template.set_array] 
    
    //**Call the service for process_turnaround manupulation**//
    [process_turnaround.create.payloadV2 data={template.turnaround_data} o.set="template.turnaround_ack" /] 
    
    [template.set_array ack]
      [process_id _value={template.process_id} /]
      [meta]
        [private _value={template.res_ack.private} /]
        [common _value={template.res_ack.common} /]
      [/meta]
      [process_insert_status _value={template.process_ack.status} /]
      [api_status _value={template.res_ack.status} /]
  	[/template.set_array]
    
   [template.return template.ack /]
   
[/templates.add]
]]></content:encoded>
		<excerpt:encoded><![CDATA[]]></excerpt:encoded>
		<wp:post_id>1353366</wp:post_id>
		<wp:post_date><![CDATA[2023-08-09 05:48:04]]></wp:post_date>
		<wp:post_date_gmt><![CDATA[2023-08-09 05:48:04]]></wp:post_date_gmt>
		<wp:post_modified><![CDATA[2023-08-09 05:48:04]]></wp:post_modified>
		<wp:post_modified_gmt><![CDATA[2023-08-09 05:48:04]]></wp:post_modified_gmt>
		<wp:comment_status><![CDATA[closed]]></wp:comment_status>
		<wp:ping_status><![CDATA[closed]]></wp:ping_status>
		<wp:post_name><![CDATA[tracked-process]]></wp:post_name>
		<wp:status><![CDATA[publish]]></wp:status>
		<wp:post_parent>0</wp:post_parent>
		<wp:menu_order>0</wp:menu_order>
		<wp:post_type><![CDATA[tracked_process]]></wp:post_type>
		<wp:post_password><![CDATA[]]></wp:post_password>
		<wp:is_sticky>0</wp:is_sticky>
														<wp:postmeta>
		<wp:meta_key><![CDATA[_edit_last]]></wp:meta_key>
		<wp:meta_value><![CDATA[9]]></wp:meta_value>
		</wp:postmeta>
							</item>
				</channel>
</rss>
	